Nations and Partners
AU	Österreich

0 partners in Österreich

B	Belgien
	idpar	allo	vorname	firme	rue	ruenum	ruebte	fullname
	000033	Herrn	Andreas	Arens	Vervierser Str.	  12		HerrnAndreasArens
	000008	Bäckerei	Norbert	Ausdemwald	Vervierser Str.	  45		BäckereiNorbertAusdemwald
	000026			Belgacom	Bleichstraße	   7		Belgacom
	000027			Belgischer Rundfunk	Kehrweg	   9	-11	Belgischer Rundfunk
	000013	Docteur	Henri	Bodard	rue de la Loi	  17		DocteurHenriBodard
	000022			Bureau Systems	Aachener Straße	 123		Bureau Systems
	000004			FiduPlus sprl	Route d'Eupen	 180		FiduPlus sprl
	000046			Fortis Bank				Fortis Bank
	000049	Familie		Freitag	Dorfstraße	   5		FamilieFreitag
	000020	sprl		GESTIMMO	Neustraße	  15		sprlGESTIMMO
	000003	Versicherung		Gold Finger	Neustraße	 124		VersicherungGold Finger
	000029	Herrn	Karl	Grünmann	Neustraße	 102		HerrnKarlGrünmann
	000011	Getränke		HINTERMHOF Erwin	Bellesforter Brücke	  12		GetränkeHINTERMHOF Erwin
	000016			IKEA	zoning industriel			IKEA
	000015			INTERMOBIL s.a.	rue de l'Europe	  30		INTERMOBIL s.a.
	000032	Herrn	Rudi	Kohlranken	Selterschlag	  23		HerrnRudiKohlranken
	000023	Garage		LEDOYEN sprl	rue Mitoyenne	  23		GarageLEDOYEN sprl
	000048		Werner	Lohengrein	Burgstraße	  13		WernerLohengrein
	000009	Garage		MERGELSBERG	Aachener Str.	 163		GarageMERGELSBERG
	000043	Herrn		Martin Frank				HerrnMartin Frank
	000045	Frau		Martin Monika				FrauMartin Monika
	000044	Familie	Bernd und Rose	Martini-Sparla				FamilieBernd und RoseMartini-Sparla
	000012			MÜLLER AG	Mühlenweg	  12		MÜLLER AG
	000006	Herrn	Wilfried	Müller	Oberste Heide	 122		HerrnWilfriedMüller
	000001	Herrn	Gerd	Neumann	Bergstraße	  56		HerrnGerdNeumann
	000019			P.A.C. Systems PGmbH	Malmedyer Str.	   2		P.A.C. Systems PGmbH
	000007	Die		POST	Schulstr.			DiePOST
	000018			SANI-CLEAN international				SANI-CLEAN international
	000038			SONY Belgium				SONY Belgium
	000030	A.K.		Seltzer PGmbH	Haustraße	  12		A.K.Seltzer PGmbH
	000047			Star Trek Transports	Pijpeweg	  15		Star Trek Transports
	000051		Edouard	Tartenpion	rue des Guillemins			EdouardTartenpion
	000034	Constructions		Toutenler	rue de Heusy	  45		ConstructionsToutenler
	000024	Herrn und Frau		Zimmermann	Aachener Straße	  50		Herrn und FrauZimmermann

34 partners in Belgien

CH	Schweiz

0 partners in Schweiz

D	Deutschland
	idpar	allo	vorname	firme	rue	ruenum	ruebte	fullname
	000010	Hans		FLOTT & Co	Dürener Str.	 264	-266	HansFLOTT & Co
	000040	Frau	Olga	Großmann				FrauOlgaGroßmann
	000017	Wohnwelt		MOERDERICH	Grüner Weg	  12	-20	WohnweltMOERDERICH
	000050	Herrn	Dieter	Meier	Am Feld	  15		HerrnDieterMeier
	000002	Herrn	Peter	Meier	Am Feld	  17		HerrnPeterMeier
	000014		Felix	Mendelssohn GmbH	Richard-Strauss-Str.	 221		FelixMendelssohn GmbH

6 partners in Deutschland

DK	Dänemark

0 partners in Dänemark

E	Spanien

0 partners in Spanien

F	Frankreich
	idpar	allo	vorname	firme	rue	ruenum	ruebte	fullname
	000042	Café		"Le Pigalle"				Café"Le Pigalle"

1 partners in Frankreich

GB	Großbritannien

0 partners in Großbritannien

I	Italien
	idpar	allo	vorname	firme	rue	ruenum	ruebte	fullname
	000039	Le		Farfalle	via alta	   2		LeFarfalle
	000021			Orient-Express	Via alta	  23		Orient-Express

2 partners in Italien

IE	Irland

0 partners in Irland

L	Luxemburg

0 partners in Luxemburg

NL	Niederlande
	idpar	allo	vorname	firme	rue	ruenum	ruebte	fullname
	000005			Donderweer bv	Wolfgangamadeusplaats	  21		Donderweer bv

1 partners in Niederlande

PT	Portugal

0 partners in Portugal

USA	United States of America
	idpar	allo	vorname	firme	rue	ruenum	ruebte	fullname
	000041		Bill	Gates	Microsoft Avenue			BillGates

1 partners in United States of America

